{
  "target_class": 0,
  "poison_rate": 0.01,
  "num_poisoned": 50,
  "clean_accuracy": 0.8316,
  "asr": 0.1061,
  "trigger_size": 5,
  "timestamp": "2025-11-21T08:03:01.163618+00:00",
  "base_class": 1,
  "feature_collision_steps": 100,
  "epsilon": 0.06274509803921569,
  "epochs": 5
}